,Border,Sector,State/Territory,Year & Type,Arrests,Year,Type
0,Coast,Miami,"FL, GA, SC, NC",2006 (All Illegal Immigrants),6032.0,2006 ,All Illegal Immigrants
1,Coast,New Orleans,"LA, AL, MS, FL",2006 (All Illegal Immigrants),3053.0,2006 ,All Illegal Immigrants
2,Coast,Ramey,PR,2006 (All Illegal Immigrants),1436.0,2006 ,All Illegal Immigrants
3,North,Blaine,"WA, OR",2006 (All Illegal Immigrants),811.0,2006 ,All Illegal Immigrants
4,North,Buffalo,"NY, PA",2006 (All Illegal Immigrants),1517.0,2006 ,All Illegal Immigrants
5,North,Detroit,"OH, MI, IN, IL",2006 (All Illegal Immigrants),1281.0,2006 ,All Illegal Immigrants
6,North,Grand Forks,"WI, MN, ND",2006 (All Illegal Immigrants),518.0,2006 ,All Illegal Immigrants
7,North,Havre,MT,2006 (All Illegal Immigrants),568.0,2006 ,All Illegal Immigrants
8,North,Houlton,ME,2006 (All Illegal Immigrants),175.0,2006 ,All Illegal Immigrants
9,North,Spokane,"MT, ID, WA",2006 (All Illegal Immigrants),185.0,2006 ,All Illegal Immigrants
10,North,Swanton,"NH, VT, NY",2006 (All Illegal Immigrants),1544.0,2006 ,All Illegal Immigrants
11,Southwest,Big Bend,TX,2006 (All Illegal Immigrants),7520.0,2006 ,All Illegal Immigrants
12,Southwest,Del Rio,TX,2006 (All Illegal Immigrants),42636.0,2006 ,All Illegal Immigrants
13,Southwest,El Centro,CA,2006 (All Illegal Immigrants),61465.0,2006 ,All Illegal Immigrants
14,Southwest,El Paso,"NM, TX",2006 (All Illegal Immigrants),122256.0,2006 ,All Illegal Immigrants
15,Southwest,Laredo,TX,2006 (All Illegal Immigrants),74840.0,2006 ,All Illegal Immigrants
16,Southwest,Rio Grande Valley,TX,2006 (All Illegal Immigrants),110528.0,2006 ,All Illegal Immigrants
17,Southwest,San Diego,CA,2006 (All Illegal Immigrants),142104.0,2006 ,All Illegal Immigrants
18,Southwest,Tucson,AZ,2006 (All Illegal Immigrants),392074.0,2006 ,All Illegal Immigrants
19,Southwest,Yuma,"CA, AZ",2006 (All Illegal Immigrants),118549.0,2006 ,All Illegal Immigrants
20,Coast,Miami,"FL, GA, SC, NC",2006 (Mexicans Only),1616.0,2006 ,Mexicans Only
21,Coast,New Orleans,"LA, AL, MS, FL",2006 (Mexicans Only),1840.0,2006 ,Mexicans Only
22,Coast,Ramey,PR,2006 (Mexicans Only),2.0,2006 ,Mexicans Only
23,North,Blaine,"WA, OR",2006 (Mexicans Only),485.0,2006 ,Mexicans Only
24,North,Buffalo,"NY, PA",2006 (Mexicans Only),959.0,2006 ,Mexicans Only
25,North,Detroit,"OH, MI, IN, IL",2006 (Mexicans Only),944.0,2006 ,Mexicans Only
26,North,Grand Forks,"WI, MN, ND",2006 (Mexicans Only),383.0,2006 ,Mexicans Only
27,North,Havre,MT,2006 (Mexicans Only),511.0,2006 ,Mexicans Only
28,North,Houlton,ME,2006 (Mexicans Only),58.0,2006 ,Mexicans Only
29,North,Spokane,"MT, ID, WA",2006 (Mexicans Only),108.0,2006 ,Mexicans Only
30,North,Swanton,"NH, VT, NY",2006 (Mexicans Only),341.0,2006 ,Mexicans Only
31,Southwest,Big Bend,TX,2006 (Mexicans Only),6791.0,2006 ,Mexicans Only
32,Southwest,Del Rio,TX,2006 (Mexicans Only),30361.0,2006 ,Mexicans Only
33,Southwest,El Centro,CA,2006 (Mexicans Only),60723.0,2006 ,Mexicans Only
34,Southwest,El Paso,"NM, TX",2006 (Mexicans Only),117532.0,2006 ,Mexicans Only
35,Southwest,Laredo,TX,2006 (Mexicans Only),59146.0,2006 ,Mexicans Only
36,Southwest,Rio Grande Valley,TX,2006 (Mexicans Only),58282.0,2006 ,Mexicans Only
37,Southwest,San Diego,CA,2006 (Mexicans Only),140821.0,2006 ,Mexicans Only
38,Southwest,Tucson,AZ,2006 (Mexicans Only),382610.0,2006 ,Mexicans Only
39,Southwest,Yuma,"CA, AZ",2006 (Mexicans Only),117553.0,2006 ,Mexicans Only
40,Coast,Miami,"FL, GA, SC, NC",2007 (All Illegal Immigrants),7120.0,2007 ,All Illegal Immigrants
41,Coast,New Orleans,"LA, AL, MS, FL",2007 (All Illegal Immigrants),4018.0,2007 ,All Illegal Immigrants
42,Coast,Ramey,PR,2007 (All Illegal Immigrants),548.0,2007 ,All Illegal Immigrants
43,North,Blaine,"WA, OR",2007 (All Illegal Immigrants),749.0,2007 ,All Illegal Immigrants
44,North,Buffalo,"NY, PA",2007 (All Illegal Immigrants),2191.0,2007 ,All Illegal Immigrants
45,North,Detroit,"OH, MI, IN, IL",2007 (All Illegal Immigrants),902.0,2007 ,All Illegal Immigrants
46,North,Grand Forks,"WI, MN, ND",2007 (All Illegal Immigrants),497.0,2007 ,All Illegal Immigrants
47,North,Havre,MT,2007 (All Illegal Immigrants),486.0,2007 ,All Illegal Immigrants
48,North,Houlton,ME,2007 (All Illegal Immigrants),95.0,2007 ,All Illegal Immigrants
49,North,Spokane,"MT, ID, WA",2007 (All Illegal Immigrants),341.0,2007 ,All Illegal Immigrants
50,North,Swanton,"NH, VT, NY",2007 (All Illegal Immigrants),1119.0,2007 ,All Illegal Immigrants
51,Southwest,Big Bend,TX,2007 (All Illegal Immigrants),5536.0,2007 ,All Illegal Immigrants
52,Southwest,Del Rio,TX,2007 (All Illegal Immigrants),22920.0,2007 ,All Illegal Immigrants
53,Southwest,El Centro,CA,2007 (All Illegal Immigrants),55883.0,2007 ,All Illegal Immigrants
54,Southwest,El Paso,"NM, TX",2007 (All Illegal Immigrants),75464.0,2007 ,All Illegal Immigrants
55,Southwest,Laredo,TX,2007 (All Illegal Immigrants),56714.0,2007 ,All Illegal Immigrants
56,Southwest,Rio Grande Valley,TX,2007 (All Illegal Immigrants),73430.0,2007 ,All Illegal Immigrants
57,Southwest,San Diego,CA,2007 (All Illegal Immigrants),152460.0,2007 ,All Illegal Immigrants
58,Southwest,Tucson,AZ,2007 (All Illegal Immigrants),378239.0,2007 ,All Illegal Immigrants
59,Southwest,Yuma,"CA, AZ",2007 (All Illegal Immigrants),37992.0,2007 ,All Illegal Immigrants
60,Coast,Miami,"FL, GA, SC, NC",2007 (Mexicans Only),1612.0,2007 ,Mexicans Only
61,Coast,New Orleans,"LA, AL, MS, FL",2007 (Mexicans Only),2633.0,2007 ,Mexicans Only
62,Coast,Ramey,PR,2007 (Mexicans Only),0.0,2007 ,Mexicans Only
63,North,Blaine,"WA, OR",2007 (Mexicans Only),518.0,2007 ,Mexicans Only
64,North,Buffalo,"NY, PA",2007 (Mexicans Only),1271.0,2007 ,Mexicans Only
65,North,Detroit,"OH, MI, IN, IL",2007 (Mexicans Only),686.0,2007 ,Mexicans Only
66,North,Grand Forks,"WI, MN, ND",2007 (Mexicans Only),334.0,2007 ,Mexicans Only
67,North,Havre,MT,2007 (Mexicans Only),409.0,2007 ,Mexicans Only
68,North,Houlton,ME,2007 (Mexicans Only),17.0,2007 ,Mexicans Only
69,North,Spokane,"MT, ID, WA",2007 (Mexicans Only),290.0,2007 ,Mexicans Only
70,North,Swanton,"NH, VT, NY",2007 (Mexicans Only),284.0,2007 ,Mexicans Only
71,Southwest,Big Bend,TX,2007 (Mexicans Only),5002.0,2007 ,Mexicans Only
72,Southwest,Del Rio,TX,2007 (Mexicans Only),16286.0,2007 ,Mexicans Only
73,Southwest,El Centro,CA,2007 (Mexicans Only),55271.0,2007 ,Mexicans Only
74,Southwest,El Paso,"NM, TX",2007 (Mexicans Only),72293.0,2007 ,Mexicans Only
75,Southwest,Laredo,TX,2007 (Mexicans Only),44831.0,2007 ,Mexicans Only
76,Southwest,Rio Grande Valley,TX,2007 (Mexicans Only),51975.0,2007 ,Mexicans Only
77,Southwest,San Diego,CA,2007 (Mexicans Only),151140.0,2007 ,Mexicans Only
78,Southwest,Tucson,AZ,2007 (Mexicans Only),366456.0,2007 ,Mexicans Only
79,Southwest,Yuma,"CA, AZ",2007 (Mexicans Only),37380.0,2007 ,Mexicans Only
80,Coast,Miami,"FL, GA, SC, NC",2008 (All Illegal Immigrants),6020.0,2008 ,All Illegal Immigrants
81,Coast,New Orleans,"LA, AL, MS, FL",2008 (All Illegal Immigrants),4303.0,2008 ,All Illegal Immigrants
82,Coast,Ramey,PR,2008 (All Illegal Immigrants),572.0,2008 ,All Illegal Immigrants
83,North,Blaine,"WA, OR",2008 (All Illegal Immigrants),954.0,2008 ,All Illegal Immigrants
84,North,Buffalo,"NY, PA",2008 (All Illegal Immigrants),3339.0,2008 ,All Illegal Immigrants
85,North,Detroit,"OH, MI, IN, IL",2008 (All Illegal Immigrants),961.0,2008 ,All Illegal Immigrants
86,North,Grand Forks,"WI, MN, ND",2008 (All Illegal Immigrants),541.0,2008 ,All Illegal Immigrants
87,North,Havre,MT,2008 (All Illegal Immigrants),427.0,2008 ,All Illegal Immigrants
88,North,Houlton,ME,2008 (All Illegal Immigrants),81.0,2008 ,All Illegal Immigrants
89,North,Spokane,"MT, ID, WA",2008 (All Illegal Immigrants),340.0,2008 ,All Illegal Immigrants
90,North,Swanton,"NH, VT, NY",2008 (All Illegal Immigrants),1282.0,2008 ,All Illegal Immigrants
91,Southwest,Big Bend,TX,2008 (All Illegal Immigrants),5391.0,2008 ,All Illegal Immigrants
92,Southwest,Del Rio,TX,2008 (All Illegal Immigrants),20761.0,2008 ,All Illegal Immigrants
93,Southwest,El Centro,CA,2008 (All Illegal Immigrants),40961.0,2008 ,All Illegal Immigrants
94,Southwest,El Paso,"NM, TX",2008 (All Illegal Immigrants),30312.0,2008 ,All Illegal Immigrants
95,Southwest,Laredo,TX,2008 (All Illegal Immigrants),43658.0,2008 ,All Illegal Immigrants
96,Southwest,Rio Grande Valley,TX,2008 (All Illegal Immigrants),75473.0,2008 ,All Illegal Immigrants
97,Southwest,San Diego,CA,2008 (All Illegal Immigrants),162390.0,2008 ,All Illegal Immigrants
98,Southwest,Tucson,AZ,2008 (All Illegal Immigrants),317696.0,2008 ,All Illegal Immigrants
99,Southwest,Yuma,"CA, AZ",2008 (All Illegal Immigrants),8363.0,2008 ,All Illegal Immigrants
100,Coast,Miami,"FL, GA, SC, NC",2008 (Mexicans Only),1564.0,2008 ,Mexicans Only
101,Coast,New Orleans,"LA, AL, MS, FL",2008 (Mexicans Only),2923.0,2008 ,Mexicans Only
102,Coast,Ramey,PR,2008 (Mexicans Only),0.0,2008 ,Mexicans Only
103,North,Blaine,"WA, OR",2008 (Mexicans Only),643.0,2008 ,Mexicans Only
104,North,Buffalo,"NY, PA",2008 (Mexicans Only),1618.0,2008 ,Mexicans Only
105,North,Detroit,"OH, MI, IN, IL",2008 (Mexicans Only),664.0,2008 ,Mexicans Only
106,North,Grand Forks,"WI, MN, ND",2008 (Mexicans Only),361.0,2008 ,Mexicans Only
107,North,Havre,MT,2008 (Mexicans Only),379.0,2008 ,Mexicans Only
108,North,Houlton,ME,2008 (Mexicans Only),12.0,2008 ,Mexicans Only
109,North,Spokane,"MT, ID, WA",2008 (Mexicans Only),296.0,2008 ,Mexicans Only
110,North,Swanton,"NH, VT, NY",2008 (Mexicans Only),271.0,2008 ,Mexicans Only
111,Southwest,Big Bend,TX,2008 (Mexicans Only),4756.0,2008 ,Mexicans Only
112,Southwest,Del Rio,TX,2008 (Mexicans Only),14916.0,2008 ,Mexicans Only
113,Southwest,El Centro,CA,2008 (Mexicans Only),40159.0,2008 ,Mexicans Only
114,Southwest,El Paso,"NM, TX",2008 (Mexicans Only),29137.0,2008 ,Mexicans Only
115,Southwest,Laredo,TX,2008 (Mexicans Only),34403.0,2008 ,Mexicans Only
116,Southwest,Rio Grande Valley,TX,2008 (Mexicans Only),55401.0,2008 ,Mexicans Only
117,Southwest,San Diego,CA,2008 (Mexicans Only),160818.0,2008 ,Mexicans Only
118,Southwest,Tucson,AZ,2008 (Mexicans Only),305429.0,2008 ,Mexicans Only
119,Southwest,Yuma,"CA, AZ",2008 (Mexicans Only),8016.0,2008 ,Mexicans Only
120,Coast,Miami,"FL, GA, SC, NC",2009 (All Illegal Immigrants),4425.0,2009 ,All Illegal Immigrants
121,Coast,New Orleans,"LA, AL, MS, FL",2009 (All Illegal Immigrants),3527.0,2009 ,All Illegal Immigrants
122,Coast,Ramey,PR,2009 (All Illegal Immigrants),418.0,2009 ,All Illegal Immigrants
123,North,Blaine,"WA, OR",2009 (All Illegal Immigrants),843.0,2009 ,All Illegal Immigrants
124,North,Buffalo,"NY, PA",2009 (All Illegal Immigrants),2672.0,2009 ,All Illegal Immigrants
125,North,Detroit,"OH, MI, IN, IL",2009 (All Illegal Immigrants),1157.0,2009 ,All Illegal Immigrants
126,North,Grand Forks,"WI, MN, ND",2009 (All Illegal Immigrants),472.0,2009 ,All Illegal Immigrants
127,North,Havre,MT,2009 (All Illegal Immigrants),283.0,2009 ,All Illegal Immigrants
128,North,Houlton,ME,2009 (All Illegal Immigrants),59.0,2009 ,All Illegal Immigrants
129,North,Spokane,"MT, ID, WA",2009 (All Illegal Immigrants),277.0,2009 ,All Illegal Immigrants
130,North,Swanton,"NH, VT, NY",2009 (All Illegal Immigrants),1043.0,2009 ,All Illegal Immigrants
131,Southwest,Big Bend,TX,2009 (All Illegal Immigrants),6360.0,2009 ,All Illegal Immigrants
132,Southwest,Del Rio,TX,2009 (All Illegal Immigrants),17082.0,2009 ,All Illegal Immigrants
133,Southwest,El Centro,CA,2009 (All Illegal Immigrants),33521.0,2009 ,All Illegal Immigrants
134,Southwest,El Paso,"NM, TX",2009 (All Illegal Immigrants),14999.0,2009 ,All Illegal Immigrants
135,Southwest,Laredo,TX,2009 (All Illegal Immigrants),40569.0,2009 ,All Illegal Immigrants
136,Southwest,Rio Grande Valley,TX,2009 (All Illegal Immigrants),60989.0,2009 ,All Illegal Immigrants
137,Southwest,San Diego,CA,2009 (All Illegal Immigrants),118721.0,2009 ,All Illegal Immigrants
138,Southwest,Tucson,AZ,2009 (All Illegal Immigrants),241673.0,2009 ,All Illegal Immigrants
139,Southwest,Yuma,"CA, AZ",2009 (All Illegal Immigrants),6951.0,2009 ,All Illegal Immigrants
140,Coast,Miami,"FL, GA, SC, NC",2009 (Mexicans Only),1857.0,2009 ,Mexicans Only
141,Coast,New Orleans,"LA, AL, MS, FL",2009 (Mexicans Only),2269.0,2009 ,Mexicans Only
142,Coast,Ramey,PR,2009 (Mexicans Only),2.0,2009 ,Mexicans Only
143,North,Blaine,"WA, OR",2009 (Mexicans Only),524.0,2009 ,Mexicans Only
144,North,Buffalo,"NY, PA",2009 (Mexicans Only),1314.0,2009 ,Mexicans Only
145,North,Detroit,"OH, MI, IN, IL",2009 (Mexicans Only),881.0,2009 ,Mexicans Only
146,North,Grand Forks,"WI, MN, ND",2009 (Mexicans Only),311.0,2009 ,Mexicans Only
147,North,Havre,MT,2009 (Mexicans Only),208.0,2009 ,Mexicans Only
148,North,Houlton,ME,2009 (Mexicans Only),10.0,2009 ,Mexicans Only
149,North,Spokane,"MT, ID, WA",2009 (Mexicans Only),260.0,2009 ,Mexicans Only
150,North,Swanton,"NH, VT, NY",2009 (Mexicans Only),168.0,2009 ,Mexicans Only
151,Southwest,Big Bend,TX,2009 (Mexicans Only),5573.0,2009 ,Mexicans Only
152,Southwest,Del Rio,TX,2009 (Mexicans Only),12820.0,2009 ,Mexicans Only
153,Southwest,El Centro,CA,2009 (Mexicans Only),32602.0,2009 ,Mexicans Only
154,Southwest,El Paso,"NM, TX",2009 (Mexicans Only),13887.0,2009 ,Mexicans Only
155,Southwest,Laredo,TX,2009 (Mexicans Only),31831.0,2009 ,Mexicans Only
156,Southwest,Rio Grande Valley,TX,2009 (Mexicans Only),45051.0,2009 ,Mexicans Only
157,Southwest,San Diego,CA,2009 (Mexicans Only),117227.0,2009 ,Mexicans Only
158,Southwest,Tucson,AZ,2009 (Mexicans Only),230045.0,2009 ,Mexicans Only
159,Southwest,Yuma,"CA, AZ",2009 (Mexicans Only),6546.0,2009 ,Mexicans Only
160,Coast,Miami,"FL, GA, SC, NC",2010 (All Illegal Immigrants),4651.0,2010 ,All Illegal Immigrants
161,Coast,New Orleans,"LA, AL, MS, FL",2010 (All Illegal Immigrants),3171.0,2010 ,All Illegal Immigrants
162,Coast,Ramey,PR,2010 (All Illegal Immigrants),398.0,2010 ,All Illegal Immigrants
163,North,Blaine,"WA, OR",2010 (All Illegal Immigrants),673.0,2010 ,All Illegal Immigrants
164,North,Buffalo,"NY, PA",2010 (All Illegal Immigrants),2422.0,2010 ,All Illegal Immigrants
165,North,Detroit,"OH, MI, IN, IL",2010 (All Illegal Immigrants),1669.0,2010 ,All Illegal Immigrants
166,North,Grand Forks,"WI, MN, ND",2010 (All Illegal Immigrants),543.0,2010 ,All Illegal Immigrants
167,North,Havre,MT,2010 (All Illegal Immigrants),290.0,2010 ,All Illegal Immigrants
168,North,Houlton,ME,2010 (All Illegal Immigrants),56.0,2010 ,All Illegal Immigrants
169,North,Spokane,"MT, ID, WA",2010 (All Illegal Immigrants),356.0,2010 ,All Illegal Immigrants
170,North,Swanton,"NH, VT, NY",2010 (All Illegal Immigrants),1422.0,2010 ,All Illegal Immigrants
171,Southwest,Big Bend,TX,2010 (All Illegal Immigrants),5288.0,2010 ,All Illegal Immigrants
172,Southwest,Del Rio,TX,2010 (All Illegal Immigrants),14694.0,2010 ,All Illegal Immigrants
173,Southwest,El Centro,CA,2010 (All Illegal Immigrants),32562.0,2010 ,All Illegal Immigrants
174,Southwest,El Paso,"NM, TX",2010 (All Illegal Immigrants),12251.0,2010 ,All Illegal Immigrants
175,Southwest,Laredo,TX,2010 (All Illegal Immigrants),35287.0,2010 ,All Illegal Immigrants
176,Southwest,Rio Grande Valley,TX,2010 (All Illegal Immigrants),59766.0,2010 ,All Illegal Immigrants
177,Southwest,San Diego,CA,2010 (All Illegal Immigrants),68565.0,2010 ,All Illegal Immigrants
178,Southwest,Tucson,AZ,2010 (All Illegal Immigrants),212202.0,2010 ,All Illegal Immigrants
179,Southwest,Yuma,"CA, AZ",2010 (All Illegal Immigrants),7116.0,2010 ,All Illegal Immigrants
180,Coast,Miami,"FL, GA, SC, NC",2010 (Mexicans Only),1837.0,2010 ,Mexicans Only
181,Coast,New Orleans,"LA, AL, MS, FL",2010 (Mexicans Only),1941.0,2010 ,Mexicans Only
182,Coast,Ramey,PR,2010 (Mexicans Only),2.0,2010 ,Mexicans Only
183,North,Blaine,"WA, OR",2010 (Mexicans Only),376.0,2010 ,Mexicans Only
184,North,Buffalo,"NY, PA",2010 (Mexicans Only),1143.0,2010 ,Mexicans Only
185,North,Detroit,"OH, MI, IN, IL",2010 (Mexicans Only),1196.0,2010 ,Mexicans Only
186,North,Grand Forks,"WI, MN, ND",2010 (Mexicans Only),388.0,2010 ,Mexicans Only
187,North,Havre,MT,2010 (Mexicans Only),184.0,2010 ,Mexicans Only
188,North,Houlton,ME,2010 (Mexicans Only),6.0,2010 ,Mexicans Only
189,North,Spokane,"MT, ID, WA",2010 (Mexicans Only),316.0,2010 ,Mexicans Only
190,North,Swanton,"NH, VT, NY",2010 (Mexicans Only),157.0,2010 ,Mexicans Only
191,Southwest,Big Bend,TX,2010 (Mexicans Only),4754.0,2010 ,Mexicans Only
192,Southwest,Del Rio,TX,2010 (Mexicans Only),10593.0,2010 ,Mexicans Only
193,Southwest,El Centro,CA,2010 (Mexicans Only),31704.0,2010 ,Mexicans Only
194,Southwest,El Paso,"NM, TX",2010 (Mexicans Only),11194.0,2010 ,Mexicans Only
195,Southwest,Laredo,TX,2010 (Mexicans Only),27957.0,2010 ,Mexicans Only
196,Southwest,Rio Grande Valley,TX,2010 (Mexicans Only),40732.0,2010 ,Mexicans Only
197,Southwest,San Diego,CA,2010 (Mexicans Only),67259.0,2010 ,Mexicans Only
198,Southwest,Tucson,AZ,2010 (Mexicans Only),195921.0,2010 ,Mexicans Only
199,Southwest,Yuma,"CA, AZ",2010 (Mexicans Only),6705.0,2010 ,Mexicans Only
200,Coast,Miami,"FL, GA, SC, NC",2011 (All Illegal Immigrants),4401.0,2011 ,All Illegal Immigrants
201,Coast,New Orleans,"LA, AL, MS, FL",2011 (All Illegal Immigrants),1509.0,2011 ,All Illegal Immigrants
202,Coast,Ramey,PR,2011 (All Illegal Immigrants),642.0,2011 ,All Illegal Immigrants
203,North,Blaine,"WA, OR",2011 (All Illegal Immigrants),591.0,2011 ,All Illegal Immigrants
204,North,Buffalo,"NY, PA",2011 (All Illegal Immigrants),2114.0,2011 ,All Illegal Immigrants
205,North,Detroit,"OH, MI, IN, IL",2011 (All Illegal Immigrants),1531.0,2011 ,All Illegal Immigrants
206,North,Grand Forks,"WI, MN, ND",2011 (All Illegal Immigrants),468.0,2011 ,All Illegal Immigrants
207,North,Havre,MT,2011 (All Illegal Immigrants),270.0,2011 ,All Illegal Immigrants
208,North,Houlton,ME,2011 (All Illegal Immigrants),41.0,2011 ,All Illegal Immigrants
209,North,Spokane,"MT, ID, WA",2011 (All Illegal Immigrants),293.0,2011 ,All Illegal Immigrants
210,North,Swanton,"NH, VT, NY",2011 (All Illegal Immigrants),815.0,2011 ,All Illegal Immigrants
211,Southwest,Big Bend,TX,2011 (All Illegal Immigrants),4036.0,2011 ,All Illegal Immigrants
212,Southwest,Del Rio,TX,2011 (All Illegal Immigrants),16144.0,2011 ,All Illegal Immigrants
213,Southwest,El Centro,CA,2011 (All Illegal Immigrants),30191.0,2011 ,All Illegal Immigrants
214,Southwest,El Paso,"NM, TX",2011 (All Illegal Immigrants),10345.0,2011 ,All Illegal Immigrants
215,Southwest,Laredo,TX,2011 (All Illegal Immigrants),36053.0,2011 ,All Illegal Immigrants
216,Southwest,Rio Grande Valley,TX,2011 (All Illegal Immigrants),59243.0,2011 ,All Illegal Immigrants
217,Southwest,San Diego,CA,2011 (All Illegal Immigrants),42447.0,2011 ,All Illegal Immigrants
218,Southwest,Tucson,AZ,2011 (All Illegal Immigrants),123285.0,2011 ,All Illegal Immigrants
219,Southwest,Yuma,"CA, AZ",2011 (All Illegal Immigrants),5833.0,2011 ,All Illegal Immigrants
220,Coast,Miami,"FL, GA, SC, NC",2011 (Mexicans Only),1529.0,2011 ,Mexicans Only
221,Coast,New Orleans,"LA, AL, MS, FL",2011 (Mexicans Only),897.0,2011 ,Mexicans Only
222,Coast,Ramey,PR,2011 (Mexicans Only),3.0,2011 ,Mexicans Only
223,North,Blaine,"WA, OR",2011 (Mexicans Only),314.0,2011 ,Mexicans Only
224,North,Buffalo,"NY, PA",2011 (Mexicans Only),938.0,2011 ,Mexicans Only
225,North,Detroit,"OH, MI, IN, IL",2011 (Mexicans Only),1031.0,2011 ,Mexicans Only
226,North,Grand Forks,"WI, MN, ND",2011 (Mexicans Only),294.0,2011 ,Mexicans Only
227,North,Havre,MT,2011 (Mexicans Only),167.0,2011 ,Mexicans Only
228,North,Houlton,ME,2011 (Mexicans Only),5.0,2011 ,Mexicans Only
229,North,Spokane,"MT, ID, WA",2011 (Mexicans Only),234.0,2011 ,Mexicans Only
230,North,Swanton,"NH, VT, NY",2011 (Mexicans Only),162.0,2011 ,Mexicans Only
231,Southwest,Big Bend,TX,2011 (Mexicans Only),3621.0,2011 ,Mexicans Only
232,Southwest,Del Rio,TX,2011 (Mexicans Only),11697.0,2011 ,Mexicans Only
233,Southwest,El Centro,CA,2011 (Mexicans Only),29474.0,2011 ,Mexicans Only
234,Southwest,El Paso,"NM, TX",2011 (Mexicans Only),9633.0,2011 ,Mexicans Only
235,Southwest,Laredo,TX,2011 (Mexicans Only),29131.0,2011 ,Mexicans Only
236,Southwest,Rio Grande Valley,TX,2011 (Mexicans Only),38353.0,2011 ,Mexicans Only
237,Southwest,San Diego,CA,2011 (Mexicans Only),41281.0,2011 ,Mexicans Only
238,Southwest,Tucson,AZ,2011 (Mexicans Only),111974.0,2011 ,Mexicans Only
239,Southwest,Yuma,"CA, AZ",2011 (Mexicans Only),5416.0,2011 ,Mexicans Only
240,Coast,Miami,"FL, GA, SC, NC",2012 (All Illegal Immigrants),2509.0,2012 ,All Illegal Immigrants
241,Coast,New Orleans,"LA, AL, MS, FL",2012 (All Illegal Immigrants),474.0,2012 ,All Illegal Immigrants
242,Coast,Ramey,PR,2012 (All Illegal Immigrants),702.0,2012 ,All Illegal Immigrants
243,North,Blaine,"WA, OR",2012 (All Illegal Immigrants),537.0,2012 ,All Illegal Immigrants
244,North,Buffalo,"NY, PA",2012 (All Illegal Immigrants),1143.0,2012 ,All Illegal Immigrants
245,North,Detroit,"OH, MI, IN, IL",2012 (All Illegal Immigrants),950.0,2012 ,All Illegal Immigrants
246,North,Grand Forks,"WI, MN, ND",2012 (All Illegal Immigrants),418.0,2012 ,All Illegal Immigrants
247,North,Havre,MT,2012 (All Illegal Immigrants),102.0,2012 ,All Illegal Immigrants
248,North,Houlton,ME,2012 (All Illegal Immigrants),41.0,2012 ,All Illegal Immigrants
249,North,Spokane,"MT, ID, WA",2012 (All Illegal Immigrants),317.0,2012 ,All Illegal Immigrants
250,North,Swanton,"NH, VT, NY",2012 (All Illegal Immigrants),702.0,2012 ,All Illegal Immigrants
251,Southwest,Big Bend,TX,2012 (All Illegal Immigrants),3964.0,2012 ,All Illegal Immigrants
252,Southwest,Del Rio,TX,2012 (All Illegal Immigrants),21720.0,2012 ,All Illegal Immigrants
253,Southwest,El Centro,CA,2012 (All Illegal Immigrants),23916.0,2012 ,All Illegal Immigrants
254,Southwest,El Paso,"NM, TX",2012 (All Illegal Immigrants),9678.0,2012 ,All Illegal Immigrants
255,Southwest,Laredo,TX,2012 (All Illegal Immigrants),44872.0,2012 ,All Illegal Immigrants
256,Southwest,Rio Grande Valley,TX,2012 (All Illegal Immigrants),97762.0,2012 ,All Illegal Immigrants
257,Southwest,San Diego,CA,2012 (All Illegal Immigrants),28461.0,2012 ,All Illegal Immigrants
258,Southwest,Tucson,AZ,2012 (All Illegal Immigrants),120000.0,2012 ,All Illegal Immigrants
259,Southwest,Yuma,"CA, AZ",2012 (All Illegal Immigrants),6500.0,2012 ,All Illegal Immigrants
260,Coast,Miami,"FL, GA, SC, NC",2012 (Mexicans Only),831.0,2012 ,Mexicans Only
261,Coast,New Orleans,"LA, AL, MS, FL",2012 (Mexicans Only),277.0,2012 ,Mexicans Only
262,Coast,Ramey,PR,2012 (Mexicans Only),0.0,2012 ,Mexicans Only
263,North,Blaine,"WA, OR",2012 (Mexicans Only),270.0,2012 ,Mexicans Only
264,North,Buffalo,"NY, PA",2012 (Mexicans Only),607.0,2012 ,Mexicans Only
265,North,Detroit,"OH, MI, IN, IL",2012 (Mexicans Only),673.0,2012 ,Mexicans Only
266,North,Grand Forks,"WI, MN, ND",2012 (Mexicans Only),306.0,2012 ,Mexicans Only
267,North,Havre,MT,2012 (Mexicans Only),54.0,2012 ,Mexicans Only
268,North,Houlton,ME,2012 (Mexicans Only),8.0,2012 ,Mexicans Only
269,North,Spokane,"MT, ID, WA",2012 (Mexicans Only),266.0,2012 ,Mexicans Only
270,North,Swanton,"NH, VT, NY",2012 (Mexicans Only),122.0,2012 ,Mexicans Only
271,Southwest,Big Bend,TX,2012 (Mexicans Only),3417.0,2012 ,Mexicans Only
272,Southwest,Del Rio,TX,2012 (Mexicans Only),12404.0,2012 ,Mexicans Only
273,Southwest,El Centro,CA,2012 (Mexicans Only),22511.0,2012 ,Mexicans Only
274,Southwest,El Paso,"NM, TX",2012 (Mexicans Only),8915.0,2012 ,Mexicans Only
275,Southwest,Laredo,TX,2012 (Mexicans Only),31742.0,2012 ,Mexicans Only
276,Southwest,Rio Grande Valley,TX,2012 (Mexicans Only),47823.0,2012 ,Mexicans Only
277,Southwest,San Diego,CA,2012 (Mexicans Only),27307.0,2012 ,Mexicans Only
278,Southwest,Tucson,AZ,2012 (Mexicans Only),102303.0,2012 ,Mexicans Only
279,Southwest,Yuma,"CA, AZ",2012 (Mexicans Only),5919.0,2012 ,Mexicans Only
280,Coast,Miami,"FL, GA, SC, NC",2013 (All Illegal Immigrants),1738.0,2013 ,All Illegal Immigrants
281,Coast,New Orleans,"LA, AL, MS, FL",2013 (All Illegal Immigrants),500.0,2013 ,All Illegal Immigrants
282,Coast,Ramey,PR,2013 (All Illegal Immigrants),924.0,2013 ,All Illegal Immigrants
283,North,Blaine,"WA, OR",2013 (All Illegal Immigrants),360.0,2013 ,All Illegal Immigrants
284,North,Buffalo,"NY, PA",2013 (All Illegal Immigrants),796.0,2013 ,All Illegal Immigrants
285,North,Detroit,"OH, MI, IN, IL",2013 (All Illegal Immigrants),650.0,2013 ,All Illegal Immigrants
286,North,Grand Forks,"WI, MN, ND",2013 (All Illegal Immigrants),469.0,2013 ,All Illegal Immigrants
287,North,Havre,MT,2013 (All Illegal Immigrants),88.0,2013 ,All Illegal Immigrants
288,North,Houlton,ME,2013 (All Illegal Immigrants),37.0,2013 ,All Illegal Immigrants
289,North,Spokane,"MT, ID, WA",2013 (All Illegal Immigrants),299.0,2013 ,All Illegal Immigrants
290,North,Swanton,"NH, VT, NY",2013 (All Illegal Immigrants),531.0,2013 ,All Illegal Immigrants
291,Southwest,Big Bend,TX,2013 (All Illegal Immigrants),3684.0,2013 ,All Illegal Immigrants
292,Southwest,Del Rio,TX,2013 (All Illegal Immigrants),23510.0,2013 ,All Illegal Immigrants
293,Southwest,El Centro,CA,2013 (All Illegal Immigrants),16306.0,2013 ,All Illegal Immigrants
294,Southwest,El Paso,"NM, TX",2013 (All Illegal Immigrants),11154.0,2013 ,All Illegal Immigrants
295,Southwest,Laredo,TX,2013 (All Illegal Immigrants),50749.0,2013 ,All Illegal Immigrants
296,Southwest,Rio Grande Valley,TX,2013 (All Illegal Immigrants),154453.0,2013 ,All Illegal Immigrants
297,Southwest,San Diego,CA,2013 (All Illegal Immigrants),27496.0,2013 ,All Illegal Immigrants
298,Southwest,Tucson,AZ,2013 (All Illegal Immigrants),120939.0,2013 ,All Illegal Immigrants
299,Southwest,Yuma,"CA, AZ",2013 (All Illegal Immigrants),6106.0,2013 ,All Illegal Immigrants
300,Coast,Miami,"FL, GA, SC, NC",2013 (Mexicans Only),388.0,2013 ,Mexicans Only
301,Coast,New Orleans,"LA, AL, MS, FL",2013 (Mexicans Only),262.0,2013 ,Mexicans Only
302,Coast,Ramey,PR,2013 (Mexicans Only),3.0,2013 ,Mexicans Only
303,North,Blaine,"WA, OR",2013 (Mexicans Only),106.0,2013 ,Mexicans Only
304,North,Buffalo,"NY, PA",2013 (Mexicans Only),370.0,2013 ,Mexicans Only
305,North,Detroit,"OH, MI, IN, IL",2013 (Mexicans Only),479.0,2013 ,Mexicans Only
306,North,Grand Forks,"WI, MN, ND",2013 (Mexicans Only),337.0,2013 ,Mexicans Only
307,North,Havre,MT,2013 (Mexicans Only),62.0,2013 ,Mexicans Only
308,North,Houlton,ME,2013 (Mexicans Only),1.0,2013 ,Mexicans Only
309,North,Spokane,"MT, ID, WA",2013 (Mexicans Only),237.0,2013 ,Mexicans Only
310,North,Swanton,"NH, VT, NY",2013 (Mexicans Only),80.0,2013 ,Mexicans Only
311,Southwest,Big Bend,TX,2013 (Mexicans Only),3174.0,2013 ,Mexicans Only
312,Southwest,Del Rio,TX,2013 (Mexicans Only),14005.0,2013 ,Mexicans Only
313,Southwest,El Centro,CA,2013 (Mexicans Only),15141.0,2013 ,Mexicans Only
314,Southwest,El Paso,"NM, TX",2013 (Mexicans Only),10092.0,2013 ,Mexicans Only
315,Southwest,Laredo,TX,2013 (Mexicans Only),32772.0,2013 ,Mexicans Only
316,Southwest,Rio Grande Valley,TX,2013 (Mexicans Only),57624.0,2013 ,Mexicans Only
317,Southwest,San Diego,CA,2013 (Mexicans Only),26223.0,2013 ,Mexicans Only
318,Southwest,Tucson,AZ,2013 (Mexicans Only),101092.0,2013 ,Mexicans Only
319,Southwest,Yuma,"CA, AZ",2013 (Mexicans Only),5286.0,2013 ,Mexicans Only
320,Coast,Miami,"FL, GA, SC, NC",2014 (All Illegal Immigrants),2034.0,2014 ,All Illegal Immigrants
321,Coast,New Orleans,"LA, AL, MS, FL",2014 (All Illegal Immigrants),950.0,2014 ,All Illegal Immigrants
322,Coast,Ramey,PR,2014 (All Illegal Immigrants),958.0,2014 ,All Illegal Immigrants
323,North,Blaine,"WA, OR",2014 (All Illegal Immigrants),272.0,2014 ,All Illegal Immigrants
324,North,Buffalo,"NY, PA",2014 (All Illegal Immigrants),741.0,2014 ,All Illegal Immigrants
325,North,Detroit,"OH, MI, IN, IL",2014 (All Illegal Immigrants),647.0,2014 ,All Illegal Immigrants
326,North,Grand Forks,"WI, MN, ND",2014 (All Illegal Immigrants),767.0,2014 ,All Illegal Immigrants
327,North,Havre,MT,2014 (All Illegal Immigrants),91.0,2014 ,All Illegal Immigrants
328,North,Houlton,ME,2014 (All Illegal Immigrants),45.0,2014 ,All Illegal Immigrants
329,North,Spokane,"MT, ID, WA",2014 (All Illegal Immigrants),269.0,2014 ,All Illegal Immigrants
330,North,Swanton,"NH, VT, NY",2014 (All Illegal Immigrants),506.0,2014 ,All Illegal Immigrants
331,Southwest,Big Bend,TX,2014 (All Illegal Immigrants),4096.0,2014 ,All Illegal Immigrants
332,Southwest,Del Rio,TX,2014 (All Illegal Immigrants),24255.0,2014 ,All Illegal Immigrants
333,Southwest,El Centro,CA,2014 (All Illegal Immigrants),14511.0,2014 ,All Illegal Immigrants
334,Southwest,El Paso,"NM, TX",2014 (All Illegal Immigrants),12339.0,2014 ,All Illegal Immigrants
335,Southwest,Laredo,TX,2014 (All Illegal Immigrants),44049.0,2014 ,All Illegal Immigrants
336,Southwest,Rio Grande Valley,TX,2014 (All Illegal Immigrants),256393.0,2014 ,All Illegal Immigrants
337,Southwest,San Diego,CA,2014 (All Illegal Immigrants),29911.0,2014 ,All Illegal Immigrants
338,Southwest,Tucson,AZ,2014 (All Illegal Immigrants),87915.0,2014 ,All Illegal Immigrants
339,Southwest,Yuma,"CA, AZ",2014 (All Illegal Immigrants),5902.0,2014 ,All Illegal Immigrants
340,Coast,Miami,"FL, GA, SC, NC",2014 (Mexicans Only),277.0,2014 ,Mexicans Only
341,Coast,New Orleans,"LA, AL, MS, FL",2014 (Mexicans Only),465.0,2014 ,Mexicans Only
342,Coast,Ramey,PR,2014 (Mexicans Only),0.0,2014 ,Mexicans Only
343,North,Blaine,"WA, OR",2014 (Mexicans Only),58.0,2014 ,Mexicans Only
344,North,Buffalo,"NY, PA",2014 (Mexicans Only),294.0,2014 ,Mexicans Only
345,North,Detroit,"OH, MI, IN, IL",2014 (Mexicans Only),431.0,2014 ,Mexicans Only
346,North,Grand Forks,"WI, MN, ND",2014 (Mexicans Only),532.0,2014 ,Mexicans Only
347,North,Havre,MT,2014 (Mexicans Only),51.0,2014 ,Mexicans Only
348,North,Houlton,ME,2014 (Mexicans Only),5.0,2014 ,Mexicans Only
349,North,Spokane,"MT, ID, WA",2014 (Mexicans Only),219.0,2014 ,Mexicans Only
350,North,Swanton,"NH, VT, NY",2014 (Mexicans Only),75.0,2014 ,Mexicans Only
351,Southwest,Big Bend,TX,2014 (Mexicans Only),3164.0,2014 ,Mexicans Only
352,Southwest,Del Rio,TX,2014 (Mexicans Only),10196.0,2014 ,Mexicans Only
353,Southwest,El Centro,CA,2014 (Mexicans Only),12511.0,2014 ,Mexicans Only
354,Southwest,El Paso,"NM, TX",2014 (Mexicans Only),9904.0,2014 ,Mexicans Only
355,Southwest,Laredo,TX,2014 (Mexicans Only),26540.0,2014 ,Mexicans Only
356,Southwest,Rio Grande Valley,TX,2014 (Mexicans Only),63468.0,2014 ,Mexicans Only
357,Southwest,San Diego,CA,2014 (Mexicans Only),27871.0,2014 ,Mexicans Only
358,Southwest,Tucson,AZ,2014 (Mexicans Only),68870.0,2014 ,Mexicans Only
359,Southwest,Yuma,"CA, AZ",2014 (Mexicans Only),4247.0,2014 ,Mexicans Only
360,Coast,Miami,"FL, GA, SC, NC",2015 (All Illegal Immigrants),1752.0,2015 ,All Illegal Immigrants
361,Coast,New Orleans,"LA, AL, MS, FL",2015 (All Illegal Immigrants),849.0,2015 ,All Illegal Immigrants
362,Coast,Ramey,PR,2015 (All Illegal Immigrants),557.0,2015 ,All Illegal Immigrants
363,North,Blaine,"WA, OR",2015 (All Illegal Immigrants),282.0,2015 ,All Illegal Immigrants
364,North,Buffalo,"NY, PA",2015 (All Illegal Immigrants),291.0,2015 ,All Illegal Immigrants
365,North,Detroit,"OH, MI, IN, IL",2015 (All Illegal Immigrants),637.0,2015 ,All Illegal Immigrants
366,North,Grand Forks,"WI, MN, ND",2015 (All Illegal Immigrants),789.0,2015 ,All Illegal Immigrants
367,North,Havre,MT,2015 (All Illegal Immigrants),64.0,2015 ,All Illegal Immigrants
368,North,Houlton,ME,2015 (All Illegal Immigrants),32.0,2015 ,All Illegal Immigrants
369,North,Spokane,"MT, ID, WA",2015 (All Illegal Immigrants),190.0,2015 ,All Illegal Immigrants
370,North,Swanton,"NH, VT, NY",2015 (All Illegal Immigrants),341.0,2015 ,All Illegal Immigrants
371,Southwest,Big Bend,TX,2015 (All Illegal Immigrants),5031.0,2015 ,All Illegal Immigrants
372,Southwest,Del Rio,TX,2015 (All Illegal Immigrants),19013.0,2015 ,All Illegal Immigrants
373,Southwest,El Centro,CA,2015 (All Illegal Immigrants),12820.0,2015 ,All Illegal Immigrants
374,Southwest,El Paso,"NM, TX",2015 (All Illegal Immigrants),14495.0,2015 ,All Illegal Immigrants
375,Southwest,Laredo,TX,2015 (All Illegal Immigrants),35888.0,2015 ,All Illegal Immigrants
376,Southwest,Rio Grande Valley,TX,2015 (All Illegal Immigrants),147257.0,2015 ,All Illegal Immigrants
377,Southwest,San Diego,CA,2015 (All Illegal Immigrants),26290.0,2015 ,All Illegal Immigrants
378,Southwest,Tucson,AZ,2015 (All Illegal Immigrants),63397.0,2015 ,All Illegal Immigrants
379,Southwest,Yuma,"CA, AZ",2015 (All Illegal Immigrants),7142.0,2015 ,All Illegal Immigrants
380,Coast,Miami,"FL, GA, SC, NC",2015 (Mexicans Only),273.0,2015 ,Mexicans Only
381,Coast,New Orleans,"LA, AL, MS, FL",2015 (Mexicans Only),394.0,2015 ,Mexicans Only
382,Coast,Ramey,PR,2015 (Mexicans Only),1.0,2015 ,Mexicans Only
383,North,Blaine,"WA, OR",2015 (Mexicans Only),67.0,2015 ,Mexicans Only
384,North,Buffalo,"NY, PA",2015 (Mexicans Only),137.0,2015 ,Mexicans Only
385,North,Detroit,"OH, MI, IN, IL",2015 (Mexicans Only),427.0,2015 ,Mexicans Only
386,North,Grand Forks,"WI, MN, ND",2015 (Mexicans Only),563.0,2015 ,Mexicans Only
387,North,Havre,MT,2015 (Mexicans Only),46.0,2015 ,Mexicans Only
388,North,Houlton,ME,2015 (Mexicans Only),1.0,2015 ,Mexicans Only
389,North,Spokane,"MT, ID, WA",2015 (Mexicans Only),153.0,2015 ,Mexicans Only
390,North,Swanton,"NH, VT, NY",2015 (Mexicans Only),43.0,2015 ,Mexicans Only
391,Southwest,Big Bend,TX,2015 (Mexicans Only),2177.0,2015 ,Mexicans Only
392,Southwest,Del Rio,TX,2015 (Mexicans Only),10874.0,2015 ,Mexicans Only
393,Southwest,El Centro,CA,2015 (Mexicans Only),11320.0,2015 ,Mexicans Only
394,Southwest,El Paso,"NM, TX",2015 (Mexicans Only),10677.0,2015 ,Mexicans Only
395,Southwest,Laredo,TX,2015 (Mexicans Only),25766.0,2015 ,Mexicans Only
396,Southwest,Rio Grande Valley,TX,2015 (Mexicans Only),48173.0,2015 ,Mexicans Only
397,Southwest,San Diego,CA,2015 (Mexicans Only),24269.0,2015 ,Mexicans Only
398,Southwest,Tucson,AZ,2015 (Mexicans Only),48916.0,2015 ,Mexicans Only
399,Southwest,Yuma,"CA, AZ",2015 (Mexicans Only),3845.0,2015 ,Mexicans Only
400,Coast,Miami,"FL, GA, SC, NC",2016 (All Illegal Immigrants),3205.0,2016 ,All Illegal Immigrants
401,Coast,New Orleans,"LA, AL, MS, FL",2016 (All Illegal Immigrants),764.0,2016 ,All Illegal Immigrants
402,Coast,Ramey,PR,2016 (All Illegal Immigrants),694.0,2016 ,All Illegal Immigrants
403,North,Blaine,"WA, OR",2016 (All Illegal Immigrants),271.0,2016 ,All Illegal Immigrants
404,North,Buffalo,"NY, PA",2016 (All Illegal Immigrants),226.0,2016 ,All Illegal Immigrants
405,North,Detroit,"OH, MI, IN, IL",2016 (All Illegal Immigrants),716.0,2016 ,All Illegal Immigrants
406,North,Grand Forks,"WI, MN, ND",2016 (All Illegal Immigrants),505.0,2016 ,All Illegal Immigrants
407,North,Havre,MT,2016 (All Illegal Immigrants),43.0,2016 ,All Illegal Immigrants
408,North,Houlton,ME,2016 (All Illegal Immigrants),25.0,2016 ,All Illegal Immigrants
409,North,Spokane,"MT, ID, WA",2016 (All Illegal Immigrants),206.0,2016 ,All Illegal Immigrants
410,North,Swanton,"NH, VT, NY",2016 (All Illegal Immigrants),291.0,2016 ,All Illegal Immigrants
411,Southwest,Big Bend,TX,2016 (All Illegal Immigrants),6366.0,2016 ,All Illegal Immigrants
412,Southwest,Del Rio,TX,2016 (All Illegal Immigrants),23078.0,2016 ,All Illegal Immigrants
413,Southwest,El Centro,CA,2016 (All Illegal Immigrants),19448.0,2016 ,All Illegal Immigrants
414,Southwest,El Paso,"NM, TX",2016 (All Illegal Immigrants),25634.0,2016 ,All Illegal Immigrants
415,Southwest,Laredo,TX,2016 (All Illegal Immigrants),36562.0,2016 ,All Illegal Immigrants
416,Southwest,Rio Grande Valley,TX,2016 (All Illegal Immigrants),186830.0,2016 ,All Illegal Immigrants
417,Southwest,San Diego,CA,2016 (All Illegal Immigrants),31891.0,2016 ,All Illegal Immigrants
418,Southwest,Tucson,AZ,2016 (All Illegal Immigrants),64891.0,2016 ,All Illegal Immigrants
419,Southwest,Yuma,"CA, AZ",2016 (All Illegal Immigrants),14170.0,2016 ,All Illegal Immigrants
420,Coast,Miami,"FL, GA, SC, NC",2016 (Mexicans Only),652.0,2016 ,Mexicans Only
421,Coast,New Orleans,"LA, AL, MS, FL",2016 (Mexicans Only),388.0,2016 ,Mexicans Only
422,Coast,Ramey,PR,2016 (Mexicans Only),0.0,2016 ,Mexicans Only
423,North,Blaine,"WA, OR",2016 (Mexicans Only),40.0,2016 ,Mexicans Only
424,North,Buffalo,"NY, PA",2016 (Mexicans Only),82.0,2016 ,Mexicans Only
425,North,Detroit,"OH, MI, IN, IL",2016 (Mexicans Only),504.0,2016 ,Mexicans Only
426,North,Grand Forks,"WI, MN, ND",2016 (Mexicans Only),352.0,2016 ,Mexicans Only
427,North,Havre,MT,2016 (Mexicans Only),12.0,2016 ,Mexicans Only
428,North,Houlton,ME,2016 (Mexicans Only),7.0,2016 ,Mexicans Only
429,North,Spokane,"MT, ID, WA",2016 (Mexicans Only),149.0,2016 ,Mexicans Only
430,North,Swanton,"NH, VT, NY",2016 (Mexicans Only),23.0,2016 ,Mexicans Only
431,Southwest,Big Bend,TX,2016 (Mexicans Only),2728.0,2016 ,Mexicans Only
432,Southwest,Del Rio,TX,2016 (Mexicans Only),12953.0,2016 ,Mexicans Only
433,Southwest,El Centro,CA,2016 (Mexicans Only),14361.0,2016 ,Mexicans Only
434,Southwest,El Paso,"NM, TX",2016 (Mexicans Only),13660.0,2016 ,Mexicans Only
435,Southwest,Laredo,TX,2016 (Mexicans Only),25337.0,2016 ,Mexicans Only
436,Southwest,Rio Grande Valley,TX,2016 (Mexicans Only),46334.0,2016 ,Mexicans Only
437,Southwest,San Diego,CA,2016 (Mexicans Only),25380.0,2016 ,Mexicans Only
438,Southwest,Tucson,AZ,2016 (Mexicans Only),46494.0,2016 ,Mexicans Only
439,Southwest,Yuma,"CA, AZ",2016 (Mexicans Only),3513.0,2016 ,Mexicans Only
